{"0.6711377680002075":{"user_id":4},"0.5407826119078891":{"user_id":4},"0.9924095499911885":{"user_id":3},"0.18799184975407734":{"user_id":3},"0.6404644335162308":{"user_id":4},"0.9828680257336422":{"user_id":4},"0.8897897265546237":{"user_id":4},"0.5455527068268391":{"user_id":4},"0.024275618088992257":{"user_id":4},"0.7931546944781063":{"user_id":7},"0.8800383699217642":{"user_id":4},"0.06439798887337145":{"user_id":4},"0.6375787755947269":{"user_id":4},"0.08087186734041474":{"user_id":1}}